<?xml version="1.0" encoding="UTF-8"?>
<project-private xmlns="http://www.netbeans.org/ns/project-private/1">
    <editor-bookmarks xmlns="http://www.netbeans.org/ns/editor-bookmarks/2" lastBookmarkId="0"/>
    <open-files xmlns="http://www.netbeans.org/ns/projectui-open-files/2">
        <group>
            <file>file:/C:/Kamil/Learning/Laravel/registration/tests/Feature/ExampleTest.php</file>
            <file>file:/C:/Kamil/Learning/Laravel/registration/phpunit.xml</file>
            <file>file:/C:/Kamil/Learning/Laravel/registration/app/Http/Controllers/LanguageController.php</file>
            <file>file:/C:/Kamil/Learning/Laravel/registration/app/Http/Controllers/UserController.php</file>
        </group>
    </open-files>
</project-private>
